line_number,reason,raw_row
67,wrong field count,"CC-61159,HALL, C, M,18,06/20/1998"
83,wrong field count,"CC-26155,WATSON, P,Male,38,03/20/2011"
86,future date,"CC-46633,NORRIS, H,M,51,2027-04-01,2051 Bonnie View Rd,157,OPN,Witness can be reached at 214.555.7622"
114,unknown status,"CC-33513,ROSS, T,M,9,10/20/1989,7547 Ferguson Rd,429,PENDING?,Caller left callback (214) 555-3545"
155,bad case_id,",bryant, r,M,12,2001-09-14,470 Webb Chapel Rd,430,OPEN,"
161,bad case_id,"XX-46752,STEWART, J,F,43,2/18/1983,4575 Bonnie View Rd,beat 208,OPEN,cb: 214-555-4488; possibly linked to CC-50753"
201,bad case_id,"CC-791,DAVIS, M,M,33,2014-01-05,6672 Lake June Rd,Beat 420,CLSD,Walk-in tip, declined to give contact"
250,unknown status,"CC62950,  THOMAS, T ,M,14,1990-12-11,8725 Webb Chapel Rd,beat 702,??,cb: (214) 555-2166"
263,missing date,"CC-96141,turner, t,M,22,unknown,209 Elm St,217,Open,Caller left callback 214-555-9717"
277,bad case_id,",LONG, M,M,35,1991-12-04,8309 SINGLETON BLVD, 629 ,CLOSED,Witness can be reached at 214.555.3064"
292,unknown status,"CC-48263,WALLACE, M,m,52,2000-06-12,5125 JEFFERSON BLVD,741,PENDING?,Tip line call, caller hung up"
309,bad case_id,"CASE?,NAVARRO, C,M,23,2014-11-06,4844 Lake June Rd,202,CLOSED,cb: (214) 555-9137; possibly linked to CC-76738"
332,wrong field count,"CC-38473,SIMS, E,M,32,2024-03-01,9490 Greenville Ave,B-451"
349,bad case_id,",SANDERS, L,m,8,1983-08-29,2014 MILITARY PKWY,553,Closed,Walk-in tip, declined to give contact"
400,invalid date,"CC-50008,THOMPSON,  E,M,48,13/30/2005,8275 Jefferson Blvd,Beat 354,OPEN,No callback number given"
445,missing date,"CC-18583,Parker, J,M,36,N/A,1414 Marsalis Ave,beat 526,CLOSED,Caller left callback 214.555.2178"
469,future date,"CC-89752,COLLINS, R,f,38,03/24/2031,5597 ROYAL LN, 241 ,open,possibly linked to CC-19783"
482,invalid date,"CC-52224,FIELDS, W,F ,19,2012-07-32,8756 Greenville Ave,335,OPEN,"
514,invalid date,"CC 43896,SANCHEZ,  L,M,29,1994-02-32,5881 Military Pkwy, 119 ,OPEN,Witness can be reached at (214) 555-9616"
521,bad case_id,"CC-796,PAYNE, M,M,35,2022-04-13,7330 Ledbetter Dr,519,Closed,Anonymous tip, callback (214) 555-6851, said they saw a dark sedan"
577,unknown status,"CC91553,sullivan, n,female,30,2014-05-02,8435 Singleton Blvd,553,,Caller left callback 214-555-5855"
602,bad case_id,"XX-19523,WOODS, P,M,49,2000-11-19,8735 Illinois Ave,612,closed,cb: 214-555-4821"
614,unknown status,"CC-67432,STEWART,  L,M, 57 ,2020-09-07,6406 MARSALIS AVE,153,??,"
615,missing date,"cc-11469,LOPEZ, K,female,33,  ,2892 Illinois Ave,242,closed,Tip line call, caller hung up"
638,unknown status," CC-36421 ,WALLACE, B,M,34,1992-12-29,536 Jefferson Blvd,B-410,??,cb: (214) 555-3117; possibly linked to CC-89227"
646,invalid date,"CC-64475,RUIZ, B,MALE,32,Smarch 31, 1988,8310 Royal Ln,519,Closed,No callback number given"
653,missing date,"CC-46947,FLORES, F,M,32,N/A,1246 Larkmoor Ln,713,CLOSED,cb: 214.555.5481"
658,wrong field count,"CC-72583,  BOOKER, H ,M, 45 ,1991-04-21"
662,wrong field count,"CC 49601,Lopez, L,M,25,11/24/2022,4101 Larkmoor Ln,529"
669,wrong field count," CC-23912 ,RODRIGUEZ, G,M,36,1998-06-05,3962 ELM ST"
695,unknown status,"CC 97987,FORD,  L,M, 19 ,1991-04-30,1004 GREENVILLE AVE,702,??,cb: 214.555.1445"
702,unknown status,"CC-49042,Ellis, V,M,28,1997-05-14,8075 Singleton Blvd,beat 702,,"
738,missing date,"CC-35606,Perry, C,M,43,N/A,4349 Military Pkwy,130,Closed,Caller left callback 214.555.6637"
756,wrong field count,"cc-56722,Robinson, B,M,37,1994-03-13"
786,wrong field count," CC-26972 ,ELLIS, C,M, 30 ,8/9/1990"
792,future date,"CC32010,HUGHES, L,M, 26 ,2027-05-19,8031 Kiest Blvd,beat 451,closed,Witness can be reached at (214) 555-8914"
813,missing date,"CC-33284,GRAHAM, T,M,26,N/A,2828 Larkmoor Ln,354,CLOSED,Tip line call, caller hung up"
822,bad case_id,",WALKER, R,F,27,2025-06-04,982 Elm St,,OPEN,"
824,wrong field count,"cc-87166,Jenkins, P,M,43,January 10, 2022,7534 Lake June Rd,741"
906,wrong field count,"CC 94759,JOHNSON, G,Female,54,1994-01-06"
914,missing date,"CC22031,RUIZ, N, M,65,,3833 CAMP WISDOM RD, 315 ,CLOSED,Witness can be reached at 214-555-3569; possibly linked to CC-47105"
936,unknown status,"CC 36679,DELGADO, B,f,29,03/21/2012,4758 Elm St,217,,Neighbor reported shots, no name, no number"
967,bad case_id,"CASE?,holland, j,Female,40,1999-07-25,7781 Larkmoor Ln, 150 ,CLOSED,Anonymous tip, callback 214-555-7885, said they saw a dark sedan"
1002,missing date,"CC-25288,MENDOZA, G,M,40,N/A,7144 Marsalis Ave,430,CLOSED,Walk-in tip, declined to give contact"
1020,wrong field count,"cc-54080,WEBB, R,M,18,2016-06-12"
1050,wrong field count,"CC-97352,  HENDERSON, R ,M,18,2015-02-09"
1057,missing date,"CC-90511,DIXON, D,M,9,N/A,6656 Marsalis Ave,215,CLOSED,Witness can be reached at 214.555.5355"
1066,unknown status,"CC-87381,reed, j,MALE,35,2008-03-31,9889 JEFFERSON BLVD,beat 529,??,Anonymous tip, callback 214-555-2282, said they saw a dark sedan"
1117,invalid date,"CC-34276,  JAMES, H ,M,52,1991-09-32,4582 Larkmoor Ln, 501 ,CLOSED,"
1130,invalid date,"CC-38016,Gomez, F,M,13,Smarch 17, 1993,5594 Greenville Ave,133,CLOSED,Anonymous tip, callback (214) 555-8780, said they saw a dark sedan"
1216,unknown status,"CC-86679,EDWARDS, N,M,40,August 28, 1997,2478 Jefferson Blvd,beat 418,??,cb: 214.555.8885"
1222,missing date,"CC 67113,SPENCER, H,MALE,16,unknown,7821 Illinois Ave,119,CLOSED,Tip line call, caller hung up"
1314,invalid date,"CC-22580,WASHINGTON,  A, M,36,07/27/02x,5634 SCYENE RD,Beat 328,CLOSED,No callback number given"
1337,bad case_id,"CASE?,FUENTES,  P,M,39,1988-01-18,4717 LARKMOOR LN,328,CLEARED,possibly linked to CC-18112"
1346,future date,"CC99101,GARCIA, N,M, 31 ,2091-07-08,6156 ELM ST,630,closed,Neighbor reported shots, no name, no number"
1347,unknown status,"CC-82152,NORRIS, L,M,0,January 20, 1984,4004 Elm St,529,,Caller left callback (214) 555-6902"
1360,wrong field count,"CC-28407,WATSON, H,M, 49 ,06/27/1989,7309 WEBB CHAPEL RD, 529 "
1364,wrong field count,"CC-28161,ADAMS, N,Male,33,April 22, 1984"
1366,invalid date,"CC-39023,  SANCHEZ, F ,M,37,2010-11-32,7150 Harry Hines Blvd,651,Open,Caller left callback 214.555.2919; possibly linked to CC-67411"
1399,wrong field count," CC-59476 ,MITCHELL, L,M, 42 ,2014-11-25"
1477,missing date," CC-58756 ,Parker, R,F,21,,222 Webb Chapel Rd,303,OPEN,Anonymous tip, callback 214.555.4003, said they saw a dark sedan; possibly linked to CC-77795"
1522,unknown status,"CC-36857,Parker, L,M,12,03/30/2005,2524 Scyene Rd,beat 750,PENDING?,No callback number given"
1531,bad case_id,"CASE?,LANE, A,M,22,1/3/1992,5109 Larkmoor Ln,234,OPEN,Tip line call, caller hung up"
1589,bad case_id,",ALVAREZ, K,M,39,2001-03-21,7415 Harry Hines Blvd,501,Open,Walk-in tip, declined to give contact"
1651,invalid date,"CC-53366,COLEMAN, K,M, 25 ,2001-04-32,9809 Illinois Ave, 430 , OPEN ,Caller left callback 214-555-1956"
1655,missing date,"CC-80400,  JENKINS, S ,M,38,,1727 FERGUSON RD,202,CLOSED,cb: 214-555-7421"
1657,unknown status,"CC-91126,DIXON, T,F,17,02/06/2001,1763 Elm St,Beat 521,PENDING?,Neighbor reported shots, no name, no number"
1685,future date," CC-30128 ,JACKSON, B,Male, 37 ,2027-08-16,2108 WEBB CHAPEL RD,219,OPEN,possibly linked to CC-55674"
1702,missing date,"CC-82816,Rodriguez, M,M, 40 ,N/A,9801 Lake June Rd,335,OPEN,Tip line call, caller hung up"
1707,missing date,"CC-38895,HOWARD, W,Female,34,  ,1245 Ferguson Rd,beat 241,CLOSED,cb: 214-555-0299"
1753,unknown status,"CC-34337,OSEI, B,F,36,1992-10-10,2240 Camp Wisdom Rd,713,??,Witness can be reached at 214.555.3323; possibly linked to CC-49605"
1756,bad case_id,",LOPEZ, J,M,43,August 1, 1990,6090 Marsalis Ave,150,Closed,Caller left callback 214-555-0150"
1764,wrong field count,"CC-67424,CRUZ, J,M,39,1986-12-24"
1774,wrong field count,"CC-93149,TURNER, G,MALE,47,11/15/1992,320 HARRY HINES BLVD"
1834,wrong field count,"CC-43113,Tucker, S,M,30,1994-10-20"
1850,bad case_id,"XX-70038,LANE, A,M,30,1988-03-07,4299 Bonnie View Rd,409,OPEN,Witness can be reached at 214.555.5881; possibly linked to CC-66678"
1906,unknown status,"CC-71216,ESPINOZA, B,M,50,June 1, 2017,6562 Greenville Ave,328,PENDING?,"
1914,invalid date,"CC-89635,ortiz, p,F ,20,08/24/13x,2715 Greenville Ave,328,CLOSED,possibly linked to CC-21888"
1959,bad case_id,"XX-58832,NGUYEN, M,M,23,06/13/2024,6001 Ferguson Rd,Beat 338, OPEN ,"
1961,invalid date,"cc-33702,  PRUITT, G ,M,4,2008-02-30,7217 CAMP WISDOM RD,157,CLOSED,Tip line call, caller hung up"
1979,unknown status,"CC35231,hall, m,M,48,3/30/1993,576 JEFFERSON BLVD,beat 247,UNK,Witness can be reached at 214-555-0593"
2038,unknown status,"cc-37089,payne, n,F,35,12/22/1997,5978 Fair Oaks Ave,Beat 241,PENDING?,"
2039,invalid date," CC-41433 ,PHILLIPS, K,f,16,2006-02-30,8578 Singleton Blvd,B-550,OPN,Neighbor reported shots, no name, no number"
2044,invalid date,"cc-23423,phillips, s,Male,40,1997-02-30,7737 Camp Wisdom Rd,beat 246,CLOSED,Anonymous tip, callback 214-555-5128, said they saw a dark sedan"
2106,wrong field count,"CC 57915,Edwards, N,M,33,1994-09-02"
2172,future date,"CC-16156,JORDAN, F,M,32,08/29/2031,6728 Scyene Rd, 741 ,closed,Walk-in tip, declined to give contact"
2174,missing date,"CC-99931,REED, N,Male, 9 ,unknown,1644 Kiest Blvd,420,CLEARED,Walk-in tip, declined to give contact"
2188,wrong field count,"CC-43412,booker, r,M,17,February 6, 2012,809 Bonnie View Rd"
2257,missing date,"CC-32846,Ortiz, A,M,48,N/A,8263 Jefferson Blvd,717,CLSD,Witness can be reached at 214.555.4112"
2280,bad case_id,",Patterson, J,M, 27 ,05/08/1996,4975 Singleton Blvd,517,CLOSED,Tip line call, caller hung up"
2293,future date,"CC10104,GRANT, J,M,43,12/29/2031,4994 Ferguson Rd,beat 717,CLEARED,No callback number given"
2334,future date,"CC-32321,ELLIS, V,F,29,2123-01-11,2199 Lake June Rd, 629 ,OPEN,possibly linked to CC-73768"
2335,missing date,"CC-76820,  GIBSON, C ,m, 20 ,N/A,6387 ELM ST,Beat 519,CLOSED,Tip line call, caller hung up"
2386,invalid date,"CC-30385,HALL, D,M, 30 ,Smarch 6, 2007,6119 Kiest Blvd,555,CLOSED,Caller left callback 214-555-0701"
2399,missing date,"CC45574,GRANT, S,M,44,unknown,8668 Harry Hines Blvd,B-315,Open,No callback number given"
2407,bad case_id,"CC-636017,  MCCOY, K ,M,14,2020-03-18,3843 Elm St, 130 ,CLOSED,Witness can be reached at (214) 555-1926"
2419,future date,"CC-39783,Bryant, P,M,18,12/17/2031,4663 Kiest Blvd,beat 157,OPEN,Witness can be reached at 214-555-1891"
2447,bad case_id,"CC-531,  WILSON, R ,M, 31 ,06/19/1985,5551 Webb Chapel Rd,550,CLOSED,"
2472,wrong field count,"CC-84744,TORRES, M,F,28,2025-08-13,4000 BUCKNER BLVD"
2553,invalid date,"CC-15158,MALONE, L,M,30,2016-02-30,578 GREENVILLE AVE, 153 ,CLOSED,Witness can be reached at 214-555-0858"
2566,missing date,"CC-59872,  PORTER, B ,MALE,35,  ,7392 Ledbetter Dr,315,OPEN,Caller left callback (214) 555-3467"
2595,future date,"CC-56008,sanchez, w,M,36,2124-12-25,1076 Marsalis Ave,beat 625,Closed,Walk-in tip, declined to give contact"
2598,missing date,"CC-38886,hughes, n,M,35,unknown,7610 LAKE JUNE RD,328,CLOSED,"
2637,wrong field count,"CC-83192,Ortiz, S,M,35,05/14/1989,6070 Ferguson Rd"
2639,missing date," CC-17568 ,WRIGHT, A,M,21,  ,6193 Larkmoor Ln,717,CLOSED,cb: 214.555.4229"
2660,bad case_id,"CC-312,medina, c,Male,999,2003-09-14,9907 KIEST BLVD,Beat 121,CLOSED,"
2662,bad case_id,"CASE?,garner, p,M, 26 ,2018-07-19,2413 Ledbetter Dr,121,OPEN,"
2683,wrong field count,"CC-45285,HOWARD, R,m,unknown,03/21/1993"
2693,unknown status,"CC-21983,perez, b,Male,15,2008-08-18,5086 Elm St,439,UNK,No callback number given"
2715,invalid date,"CC-96873,JOHNSON,  J,M,39,04/12/90x,4522 Webb Chapel Rd,,Closed,"
2758,missing date," CC-77164 ,PATTERSON, J,M,23,,8560 Royal Ln,326,OPEN,cb: 214-555-9542"
2772,invalid date,"CC-80021,MORALES,  P,F,32,Smarch 1, 2023,9791 CAMP WISDOM RD,457,OPN,Neighbor reported shots, no name, no number"
2817,future date,"CC-57382,JACKSON, W,M,42,2027-11-01,2005 Westmoreland Rd,438,CLOSED,cb: 214-555-3866"
2821,missing date,"CC-38806,REYES, R,Male,50,unknown,2947 ELM ST, 754 ,OPEN,"
2841,invalid date," CC-70279 ,FLORES, K,F,31,2016-02-30,7255 Kiest Blvd,412,OPEN,Anonymous tip, callback (214) 555-1461, said they saw a dark sedan"
2865,invalid date,"CC-83956,  SIMS, M ,M,19,1993-02-30,9668 Webb Chapel Rd,501,CLOSED,"
2874,wrong field count,"CC52233,MORALES, H,M,12,1992-07-19,4654 JEFFERSON BLVD,234"
2881,future date,"CC-90953,ADAMS,  W,M,39,06/16/2031,5935 Ferguson Rd,beat 457,OPEN,possibly linked to CC-30886"
2919,bad case_id,"XX-21137,CASTILLO, P,F,26,1997-08-17,9579 Singleton Blvd, 328 ,CLOSED,Witness can be reached at (214) 555-7939"
2937,wrong field count,"CC-96964,WRIGHT,  E,M,29,5/4/1994,187 Lancaster Rd"
2963,invalid date,"CC-27818,CHAVEZ,  C,F,33,1988-02-30,2407 Buckner Blvd,717,OPEN,No callback number given"
2967,invalid date,"CC-38036,MEDINA, P,M,21,10/16/88x,465 Illinois Ave,beat 133,CLOSED,"
2980,future date,"CC-21586,Evans, B,U,45,2027-12-15,9899 Military Pkwy,B-631,CLOSED,cb: (214) 555-7819"
2988,future date,"CC-82397,hawkins, t, M,42,2027-06-08,3062 Buckner Blvd,133,Open,Tip line call, caller hung up"
2990,missing date,"CC-90029,MILLER, C,M, 13 ,  ,6747 Greenville Ave,B-152,Closed,Anonymous tip, callback 214.555.7581, said they saw a dark sedan"
3047,bad case_id,",  WARD, N ,M, 34 ,10/15/1991,9961 Lancaster Rd, 412 ,OPEN,Tip line call, caller hung up"
3052,invalid date,"cc-83822,Edwards, F, M, 41 ,13/02/2005,5410 Ferguson Rd,612,OPEN,No callback number given"
3071,wrong field count,"cc-35724,garcia, t,F,45,September 25, 1989,1468 Fair Oaks Ave,beat 208"
3092,invalid date,"CC-23906,NORRIS, A,M,34,1989-02-30,8522 Singleton Blvd,517,OPEN,cb: 214-555-2224"
3097,wrong field count,"CC-61891,WOODS,  D,M,39,1982-12-03,7991 Ledbetter Dr"
3163,bad case_id,"CC-151507,FORD, V,M,40,1991-05-28,2654 Ferguson Rd,,closed,Walk-in tip, declined to give contact"
3202,unknown status,"CC-26094,LOPEZ, K,M, 56 ,July 12, 1994,314 Kiest Blvd,713,,Anonymous tip, callback 214-555-2010, said they saw a dark sedan; possibly linked to CC-18211"
3216,missing date,"CC-58715,KING, K,M,31,  ,2039 Illinois Ave,410,Closed,Anonymous tip, callback 214.555.4516, said they saw a dark sedan"
3229,missing date,"CC-21077,WASHINGTON,  J,M,26,N/A,7694 Scyene Rd,439,CLOSED,Caller left callback (214) 555-8378; possibly linked to CC-59024"
3234,wrong field count,"CC-86460,RICHARDSON, M,Male,42,2024-01-16,6846 Greenville Ave,501"
3246,invalid date,"CC-99565,Holland, J,M,?,11/28/14x,9240 Lancaster Rd,B-208,OPEN,cb: (214) 555-8104"
3261,bad case_id,"XX-31997,  BAKER, R ,F,17,January 2, 2018,7398 Westmoreland Rd,beat 202,OPEN,"
3349,missing date,"CC-75470,  HOLLAND, H ,F,22,N/A,5146 Royal Ln,429,closed,Witness can be reached at 214-555-6383"
3354,unknown status,"CC-70898,SMITH, H, M,29,1989-04-26,1849 JEFFERSON BLVD,150,??,Walk-in tip, declined to give contact"
3366,bad case_id,"CC-606847,OSEI, H,M,,2007-06-24,525 Singleton Blvd,455,Closed,No callback number given"
3378,unknown status,"CC-95056,HOWARD, L,M,38,2007-10-25,8609 Harry Hines Blvd,750,PENDING?,Anonymous tip, callback 214.555.8936, said they saw a dark sedan"
3414,wrong field count,"CC10662,ALVAREZ, F,F,38,4/30/2007,4298 Bonnie View Rd"
3417,missing date,"CC-36912,THOMPSON, A,M,27,,8324 Buckner Blvd,130,OPEN,possibly linked to CC-10541"
3426,bad case_id,"XX-49544,LOPEZ, F,M,15,2004-03-16,987 ELM ST,412,Open,No callback number given"
3440,bad case_id,"XX-90900,Jordan, G,m,999,October 12, 1993,1126 Ferguson Rd,B-303,CLOSED,Witness can be reached at 214-555-5659; possibly linked to CC-27718"
3457,bad case_id,",MURPHY, B,MALE,30,1984-10-03,9639 Ledbetter Dr,354,Open,cb: 214-555-4178"
3523,future date,"CC-80236,STEWART, P,M,31,2027-06-10,5773 Scyene Rd, 526 ,OPEN,possibly linked to CC-17558"
3544,missing date,"cc-29274,WILLIAMS,  S,Male,36,  ,8398 Lake June Rd,409,Closed,"
3559,bad case_id,"XX-69169,DOUGLAS, N,M,35,08/24/2016,8002 Harry Hines Blvd,121,CLEARED,Caller left callback (214) 555-5802"
3589,missing date,"CC38934,HERRERA, M,M,?,  ,9231 Jefferson Blvd,242,CLOSED,cb: (214) 555-1826"
3627,missing date,"CC-32948,hayes, d,M, 16 ,unknown,3494 Fair Oaks Ave,Beat 455,Closed,cb: 214-555-1759"
3635,wrong field count,"CC-86812,PAYNE, T,M,20,11/15/2003"
3639,wrong field count,"CC-18996,LEWIS, M,M,12,1983-09-28,5421 Royal Ln,beat 651"
3685,bad case_id,"CASE?,DAVIS,  T,M,40,August 4, 2012,4645 Westmoreland Rd,629,Closed,Caller left callback (214) 555-5907"
3705,wrong field count,"CC-31601,  RIVERA, P ,M, 23 ,10/09/1985,6372 Buckner Blvd"
3713,unknown status,"CC-12586,coleman, b,M,27,1986-05-31,8490 Webb Chapel Rd,157,PENDING?,"
3757,missing date,"CC-74326,COLEMAN, R,M,3,,7138 Elm St,451,CLOSED,possibly linked to CC-30342"
3777,bad case_id,"XX-43973,MITCHELL, D,M,42,2019-08-28,3921 MARSALIS AVE,505,OPEN,Tip line call, caller hung up"
3830,wrong field count,"CC-61615,WILLIAMS, R,F,20,1989-01-04,7168 Larkmoor Ln"
3969,unknown status,"CC 76675,sullivan, l,F,49,May 18, 2017,5565 Ledbetter Dr,,??,possibly linked to CC-72962"
3976,missing date,"CC-50495,GIBSON, J,F,6,unknown,8592 Harry Hines Blvd,234,OPEN,Caller left callback 214-555-4495"
3977,invalid date,"CC-86517,Flores, F,M,22,12/22/93x,9361 LEDBETTER DR,Beat 409,OPEN,Anonymous tip, callback 214-555-2549, said they saw a dark sedan"
3981,bad case_id,",  HERRERA, W ,M,42,11/12/2011,3305 ROYAL LN,713,CLOSED,Tip line call, caller hung up"
4048,missing date,"CC-33134,BANKS, G,M,32,,1419 Singleton Blvd, 303 ,CLSD,Caller left callback (214) 555-1413"
4062,unknown status,"CC79848,Osei, W,M, 52 ,07/21/1990,5238 Camp Wisdom Rd,612,,possibly linked to CC-27189"
4079,missing date,"CC-16414,MALONE, B,Male, 40 ,unknown,5702 MILITARY PKWY,130,CLEARED,cb: (214) 555-1779"
4091,invalid date,"cc-51538,Graham, P,m,33,13/29/2009,4091 Royal Ln, 625 ,CLOSED,Witness can be reached at 214-555-2007"
4132,missing date,"CC-24711,MEDINA, D,M,12,unknown,8229 Kiest Blvd,451,OPEN,"
4153,bad case_id,"XX-42215,Ortiz, E,F,29,December 1, 2025,2179 Scyene Rd,B-439,OPEN,Anonymous tip, callback (214) 555-1127, said they saw a dark sedan"
4190,wrong field count,"cc-46725,MILLER, M,M,26,2018-04-09,1027 Kiest Blvd"
4198,wrong field count,"CC-33330,  WALKER, A ,Female,36,2018-08-30,7753 JEFFERSON BLVD"
4227,unknown status,"CC-33273,tucker, v,M,24,9/21/1983,6243 FAIR OAKS AVE,202,PENDING?,Walk-in tip, declined to give contact"
4286,future date,"CC-27720,ESPINOZA, G,M,31,2027-09-05,9757 Ferguson Rd,,CLOSED,Caller left callback (214) 555-0876"
4296,invalid date,"CC-82634,GREEN, A, M, 27 ,13/16/1998,8970 Royal Ln,,CLEARED,Neighbor reported shots, no name, no number"
4407,unknown status,"CC-96251,CARTER, D,U,44,May 19, 2024,9747 Jefferson Blvd,501,,No callback number given"
4410,invalid date,"cc-73199,Baker, J,MALE,22,Smarch 5, 1987,7394 Lake June Rd,beat 555,CLOSED,Anonymous tip, callback 214-555-6054, said they saw a dark sedan"
4427,bad case_id,"CC-122,DELGADO, G,M,18,1988-07-15,6162 Marsalis Ave,741,CLOSED,Anonymous tip, callback 214-555-7064, said they saw a dark sedan"
4446,invalid date,"CC-46236,CALDWELL, T,F,21,1991-02-30,5962 BONNIE VIEW RD,624,closed,Witness can be reached at (214) 555-0546; possibly linked to CC-33669"
4454,wrong field count,"CC-83278,LONG, G,M,49,2001-12-09"
4487,unknown status,"cc-83256,JACKSON, G,M,33,1984-05-30,9572 Military Pkwy,215,,Anonymous tip, callback 214.555.6489, said they saw a dark sedan"
4503,wrong field count,"CC-52196,White, N,F,39,1995-04-10,2948 Elm St,Beat 521"
4521,wrong field count,"CC-70046,Davis, F,M,25,June 29, 1986,5764 Larkmoor Ln"
4546,future date,"CC-78927,EVANS,  T,M,21,2027-02-28,420 Royal Ln, 724 ,CLOSED,Caller left callback (214) 555-7047"
4553,wrong field count,"CC-71676,thomas, f,M,54,September 10, 1995"
4586,invalid date,"CC45528,BROOKS, A,M,46,1986-02-30,2270 Bonnie View Rd,beat 439,CLOSED,No callback number given"
4587,bad case_id,"CC-633937,PAYNE, P,M, 27 ,September 13, 1986,7254 WEBB CHAPEL RD,550,CLOSED,Walk-in tip, declined to give contact"
4597,wrong field count,"CC-91447,HERRERA,  V,U,51,2014-05-16,1590 Ferguson Rd"
4633,invalid date,"CC-95688,ramos, d,M, 23 ,1991-02-30,6255 KIEST BLVD,B-256,Open,Anonymous tip, callback (214) 555-3220, said they saw a dark sedan"
4650,missing date,"CC-16170,CASTILLO, E,m,26,,9358 Marsalis Ave,219,Closed,possibly linked to CC-10475"
4674,missing date,"CC-15101,SANDERS, N, M,32,  ,734 Elm St,501,CLOSED,"
4708,wrong field count,"CC-34261,JOHNSON, S,M,28,2015-08-09,6614 Illinois Ave,354"
4729,wrong field count," CC-49605 ,COLLINS, S,m,10,04/30/1984"
4748,wrong field count,"cc-79222,SIMS, N, M,14,1992-11-27,7583 Ferguson Rd"
4850,missing date,"CC23736,Herrera, S,M,22,,8820 Jefferson Blvd,651,CLOSED,Anonymous tip, callback (214) 555-0593, said they saw a dark sedan"
4900,missing date," CC-64474 ,SANDERS, M,M, 32 ,,6453 Buckner Blvd,B-457,CLSD,Caller left callback 214-555-6838"
4901,wrong field count,"CC-80092,Nguyen, W,U,50,2022-05-16,2402 SINGLETON BLVD"
4912,wrong field count,"CC-83191,ADAMS, S,M,30,1983-12-28"
4918,invalid date,"CC-83819,FORD, T,M,28,1991-01-32,3357 Fair Oaks Ave,150,CLOSED,Neighbor reported shots, no name, no number"
4923,unknown status," CC-70873 ,Tucker, A,M,33,1991-06-17,7807 Marsalis Ave,beat 234,,possibly linked to CC-30342"
4961,invalid date,"CC44093,SPENCER, T,M,9,13/12/2023,7354 Westmoreland Rd,beat 555,closed,"
5004,bad case_id,",  RAMIREZ, B ,M,59,12/23/1999,1704 Military Pkwy,242,CLOSED,possibly linked to CC-45462"
5010,wrong field count,"CC-90571,WALKER,  S,M,24,1994-06-13"
5066,missing date,"CC-84458,  ROBINSON, A ,M,21,N/A,2881 Camp Wisdom Rd, 630 ,Closed,Neighbor reported shots, no name, no number"
5126,bad case_id,"CC-304,KING, A,M,34,10/26/1993,1737 Buckner Blvd, 208 , OPEN ,possibly linked to CC-54940"
