case_id,victim_name,sex,age,date,address,beat,status
CC-20000,"DELGADO, PATRICE",M,60,,6115 scyene road,326,CLOSED
CC-20001,"OKAFOR, TASHA",M,61,2011-10-24,9897 buckner boulevard,623,CLOSED
CC-20002,"OSEI, GLORIA",M,25,1981-03-02,6999 kendale drive,326,OPEN
CC-20003,"KIRKLAND, MONICA, JR, III",M,68,2007-04-07,7011 illinois avenue,518,OPEN
CC-20004,"ELLISON, ISAIAH",M,63,2019-12-07,1015 scyene road,341,CLOSED
CC-20005,"WINSLOW, JAMAL",M,62,1998-03-14,2149 peavy road,455,CLOSED
CC-20006,"RENFRO, LATOYA",M,61,2021-04-03,215 jim miller road,352,CLOSED
CC-20007,"DUPREE, KEISHA",M,69,2006-09-08,9425 fatima avenue,518,OPEN
CC-20008,"BELTRAN, MARCUS",M,29,1990-02-16,3936 bruton road,255,OPEN
CC-20009,"WHITFIELD, CARMEN",M,49,1983-07-05,538 peavy road,326,CLOSED
CC-20010,"KIRKLAND, RUBEN",M,30,2008-04-03,6020 creek cove drive,623,CLOSED
CC-20011,"WHITFIELD, MONICA",M,39,1992-09-19,6212 gaston avenue,731,OPEN
CC-20012,"BELTRAN, LAMAR",M,41,2014-08-14,9471 marsalis avenue,455,OPEN
CC-20013,"KIRKLAND, REGGIE",M,64,1984-04-19,889 lawrence street,455,OPEN
CC-20014,"DELGADO, FELIX",M,31,1992-09-18,1315 audelia road,537,CLOSED
CC-20015,"REYES, ALICIA",M,unknown,2009-06-08,405 lancaster road,623,CLOSED
CC-20016,"PALACIOS, BRENDA",M,22,1983-03-04,9109 peavy road,518,CLOSED
CC-20017,"REYES, FELIX",M,69,2011-01-23,955 kendale drive,455,OPEN
CC-20018,"KIRKLAND, DENISE",F,55,1996-10-18,8561 bruton road,731,CLOSED
CC-20019,"SANDOVAL, SYLVIA",F,36,1985-06-14,7634 scyene road,255,CLOSED
CC-20020,"VILLANUEVA, SYLVIA",M,21,2018-01-23,674 lancaster road,455,OPEN
CC-20021,"TRAMMELL, BRANDON",M,70,2001-02-10,5021 fatima avenue,518,OPEN
CC-20022,"LOCKETT, DARIUS",M,72,1995-05-23,7503 peavy road,255,CLOSED
CC-20023,"LOCKETT, WANDA",F,26,1991-03-10,5809 kiest boulevard,326,CLOSED
CC-20024,"PALACIOS, FELIX",M,38,2002-10-02,5928 peavy road
CC-20025,"SANDOVAL, LATOYA",M,57,2012-12-02,167 creek cove drive,518,OPEN
CC-20026,"MERCADO, KEVIN",M,60,2016-04-11,3255 scyene road,347,OPEN
CC-20027,"OKAFOR, JAMAL",M,66,2010-11-17,4854 hampton road,623,OPEN
CC-20028,"ASHFORD, TAMIKA",F,31,2009-09-04,439 haskell avenue
CC-20029,"OKAFOR, CEDRIC",M,16,2012-01-14,4616 peavy road,341,CLOSED
CC-20030,"FUENTES, ROSA",F,17,2009-03-21,6311 hampton road,623,OPEN
CC-20031,"PRUITT, LAMAR",F,61,2005-05-17,5450 kendale drive,341,OPEN
CC-20032,"TRAMMELL, TASHA",M,54,1995-03-02,8467 gaston avenue
CC-20033,"RENFRO, DARIUS",M,46,1982-04-17,5564 gaston avenue,347,CLOSED
CC-20034,"WHITFIELD, MARCUS",M,16,2004-10-13,2834 lancaster road,623,OPEN
CC-20035,"OKAFOR, BRENDA",F,72,2015-10-11,4923 lawrence street,341,OPEN

CC-20036,"OKAFOR, SYLVIA, JR, III",M,26,2020-11-23,5406 buckner boulevard,341,OPEN
CC-20037,"VILLANUEVA, TERRENCE",F,51,2024-09-27,9167 hampton road,352,CLOSED
CC-20038,"TRAMMELL, FELIX",M,21,1984-10-16,9801 forest lane,214,CLOSED
CC-20039,"BOOKER, OMAR",F,47,,1026 gaston avenue,731,OPEN
CC-20040,"DELGADO, LAMAR",M,61,2015-08-23,1253 hampton road
CC-20041,"ELLISON, GLORIA",M,28,2014-03-04,8177 fatima avenue
CC-20042,"FUENTES, ISAIAH, JR, III",F,46,2022-08-05,1196 hampton road,442,CLOSED
CC-20043,"COFFEY, YOLANDA",M,42,2017-02-08,9445 lancaster road,255,OPEN
CC-20044,"BOOKER, MIGUEL",M,43,1986-12-25,8039 audelia road,455,OPEN
CC-20045,"KIRKLAND, LAMAR",M,72,2022-07-23,2374 scyene road,537,CLOSED
CC-20046,"WINSLOW, ANDRE",M,16,2004-09-02,5678 ledbetter drive,214,OPEN
CC-20047,"ELLISON, BRENDA",M,unknown,2015-01-16,7776 scyene road,518,OPEN
CC-20048,"DUPREE, TAMIKA",F,44,2022-11-11,2245 buckner boulevard,442,OPEN
CC-20049,"BOOKER, RUBEN",M,51,1991-12-03,9701 haskell avenue,255,CLOSED
CC-20050,"REYES, LATOYA",M,21,1986-12-27,1772 buckner boulevard,347,CLOSED
CC-20051,"ELLISON, PATRICE",M,71,2004-03-04,5980 forest lane,442,OPEN
CC-20052,"CARTER, ALICIA",M,71,2014-08-06,8539 haskell avenue,214,OPEN
CC-20053,"MERCADO, ANGELA",M,48,2015-07-18,9777 peavy road,442,CLOSED
CC-20054,"DELGADO, OMAR",M,71,2021-11-01,9016 kendale drive,255,OPEN
CC-20055,"PALACIOS, GLORIA",M,37,1995-04-24,423 bruton road,623,CLOSED
CC-20056,"DELGADO, ANGELA",M,30,2022-11-10,7097 lancaster road,341,CLOSED
CC-20057,"FUENTES, JAMAL",M,41,1989-09-27,5437 illinois avenue,731,CLOSED
CC-20058,"DELGADO, MIGUEL",F,32,1985-07-09,893 illinois avenue,255,CLOSED
CC-20059,"OSEI, HECTOR",M,28,2010-09-13,909 creek cove drive,731,CLOSED
CC-20060,"FUENTES, JAMAL",M,46,1999-07-10,979 lancaster road,347,OPEN
CC-20061,"COFFEY, PATRICE",F,unknown,2017-09-10,2929 creek cove drive,518,OPEN
CC-20062,"COFFEY, MIGUEL",M,19,2005-12-04,2759 bruton road,214,CLOSED
CC-20063,"PRUITT, PATRICE",M,42,2002-11-21,9564 jim miller road,731,CLOSED
CC-20064,"PRUITT, BRANDON",M,32,1988-02-26,9627 haskell avenue,326,OPEN
CC-20065,"FUENTES, ROSA",M,27,2024-07-22,6287 illinois avenue,214,OPEN
CC-20066,"ESCOBAR, TAMIKA",M,40,2005-09-25,7247 forest lane,326,CLOSED
CC-20067,"DUPREE, MARCUS",M,64,2021-10-09,8512 bruton road,347,OPEN
CC-20068,"ASHFORD, ANGELA",F,64,2016-08-23,4235 lawrence street,455,OPEN
CC-20069,"ELLISON, HECTOR",M,34,2009-11-26,3657 kiest boulevard,341,CLOSED
CC-20070,"FUENTES, ROSA",F,38,1981-04-26,744 lancaster road,347,CLOSED
CC-20071,"BELTRAN, MIGUEL",M,67,2007-10-22,247 lawrence street,455,CLOSED
CC-20072,"PALACIOS, DANIEL",M,61,1990-10-17,4578 hampton road,731,OPEN
CC-20073,"SANDOVAL, ANGELA",F,29,2018-09-04,508 lawrence street,623,CLOSED
CC-20074,"HOLLOWAY, ANGELA",M,38,2013-11-25,7304 scyene road,623,CLOSED
CC-20075,"PRUITT, KEISHA",F,33,2024-11-03,8325 creek cove drive,455,CLOSED
CC-20076,"ELLISON, OMAR",F,52,1986-08-02,2890 bruton road,537,CLOSED
CC-20077,"NGUYEN, LATOYA",F,48,1990-07-19,5745 buckner boulevard,731,CLOSED
CC-20078,"CISNEROS, ELENA",M,46,1990-10-22,9722 lawrence street,623,OPEN
CC-20079,"WHITFIELD, TYRONE",M,39,2005-02-04,3990 scyene road,455,OPEN
CC-20080,"SANDOVAL, JAMAL",M,65,2018-07-02,123 military parkway,326,OPEN
CC-20081,"DUPREE, MONICA",M,21,2009-12-22,2991 forest lane,255,OPEN
CC-20082,"RENFRO, DENISE",M,69,1981-02-11,8830 gaston avenue,442,OPEN
CC-20083,"PALACIOS, MARCUS",M,36,1988-11-16,3116 illinois avenue
CC-20084,"ELLISON, RICO",M,59,2015-02-26,5292 jim miller road,442,CLOSED
CC-20085,"PALACIOS, ANDRE",M,27,2012-08-17,7394 fatima avenue,347,CLOSED
CC-20086,"OKAFOR, BRENDA",M,46,1991-04-19,130 jim miller road,347,OPEN
CC-20087,"REYES, GLORIA",M,32,2018-10-07,1549 kendale drive,255,OPEN
CC-20088,"TRAMMELL, ISAIAH",M,39,2003-12-17,6681 forest lane,623,CLOSED
CC-20089,"BARAJAS, WANDA",M,71,2025-01-08,1479 creek cove drive,326,OPEN
CC-20090,"OKAFOR, CEDRIC",M,48,2001-08-21,1095 gaston avenue,518,OPEN
CC-20091,"MERCADO, SAMUEL",M,23,1994-03-06,3277 military parkway,326,OPEN
CC-20092,"RENFRO, BRANDON",M,62,2021-12-27,8832 illinois avenue,326,CLOSED
CC-20093,"WINSLOW, BRENDA",M,64,1989-02-10,6320 kendale drive,518,OPEN
CC-20094,"REYES, DARIUS",M,59,1990-08-21,9184 gaston avenue,731,OPEN
CC-20095,"BELTRAN, JORGE",M,34,2016-03-12,2444 kiest boulevard,347,CLOSED
CC-20096,"VILLANUEVA, OMAR",F,46,1997-10-06,2906 illinois avenue,255,CLOSED
CC-20097,"REYES, MIGUEL, JR, III",F,48,1998-11-14,8568 haskell avenue,214,OPEN
CC-20098,"RENFRO, LATOYA",M,36,1999-08-12,2922 forest lane,341,OPEN
CC-20099,"DELGADO, SYLVIA",F,24,1982-07-27,2173 hampton road,518,CLOSED
